"name","spotify_id"
"God Is An Astronaut","079svMEXkbT5nGU2kfoqO2"
"1099","12zVnfDLMYNY4LlE3rBYrM"
"Brave Arrows","19S0ZeuRL6isJvOKa1PUyE"
"42DE","1bXWVbvAldx4OrVrUAg6cr"
"1 Mile North","2e62yyjw0GPB4heVGRwczC"
"Inspired By Illusions","3adbMFpxkFWrZtLOGyiSN7"
"3nd","3mZrT1scKNjGo7Flenc4nf"
"Pray for Sound","3pmb6EnakP15oTPwkUndJx"
"18 Seconds","3sO3j1otSkmkGHMB3qbkdD"
"417.3","3UXayJMsdFGlK7PWbLAr7A"
"4dots","3zgUaA73DKW8Ou8s3kOQm6"
"7nightsatsea","4KgiqtI9DUi7qgSD7qFEAZ"
"52 Commercial Road","4MP4u1Cb27E9Xi40tC1tCH"
"Erida's Garden","4NaSxHexScSCMfqYBAueo4"
"1inamillion","4TNcOPus5yB62kDOFuBhei"
"10 Waves of You","50qEChUBHr0sSHFBowJD1q"
"MONO","53LVoipNTQ4lvUSJ61XKU3"
"bravery in battle","5VYlljUx2PZc4PNsxgD5nW"
"Volkan","5XmD2gTsVX158gxx62YK9e"
"Erupter","6fkwEfCEyioh1gXpd6tCvG"
"MNMM","6mKUPTfLCkTZkWZOAP2MbR"
"5 O Clock In The Morning","6zHD4h9ctb6RrI4NkOX1Em"
"Misto","70A5NZYkIbkH74COM4qbap"
"48V","7c17TmMobttiYTW4JO7kx3"
"30 Fathom Grave","7sowmtRt3fz5OXI5NOI61Y"
